name,family,scale_pct,train_examples,token_f1,rouge_l_f1,strict_label_accuracy,option_text_accuracy,semantic_choice_accuracy,contradiction_rate,invalid_response_rate,valid_box_rate,iou,localization_at_0_5
qwen_0pct,qwen,0,0,0.19240666124078112,0.11895262573541449,0.006320081549439347,0.07319062181447503,0.12803261977573904,0.0,0.8619775739041794,0.24955752212389382,0.14441420898325905,0.168141592920354
qwen_1pct,qwen,1,1906,0.27292929818817924,0.19564170755881075,0.25178389398572887,0.6515800203873598,0.7211009174311926,0.5504587155963303,0.013047910295616718,1.0,0.36731266234317816,0.3380530973451327
qwen_5pct,qwen,5,9379,0.3104746025760281,0.22713110238411302,0.2503567787971458,0.8438328236493374,0.872782874617737,0.6660550458715596,0.01345565749235474,1.0,0.6142727591667686,0.7415929203539823
qwen_10pct,qwen,10,19035,0.32400590340982893,0.2380697694711748,0.25076452599388377,0.8943934760448522,0.9149847094801223,0.6948012232415902,0.012844036697247707,1.0,0.6584617143905094,0.8123893805309734
qwen_25pct,qwen,25,47860,0.33159039904988696,0.24494459318922407,0.25545361875637107,0.9076452599388379,0.9259938837920489,0.6962283384301733,0.010193679918450561,1.0,0.7006115787391902,0.8407079646017699
qwen_50pct,qwen,50,95544,0.3451380063301929,0.25767653573960053,0.2528032619775739,0.9139653414882772,0.9319062181447503,0.7007135575942915,0.012028542303771662,1.0,0.7258061023598382,0.856637168141593
qwen_100pct,qwen,100,190625,0.3535176559472183,0.26411189454094147,0.2560652395514781,0.9198776758409786,0.9384301732925586,0.7017329255861366,0.009174311926605505,1.0,0.7449344120456588,0.8690265486725663
medgemma_0pct,medgemma,0,0,0.18804362467868052,0.12397320376390156,0.0026503567787971457,0.01692150866462793,0.17594291539245668,0.0,0.9643221202854231,0.24778761061946902,0.08943036136343313,0.05309734513274336
medgemma_5pct,medgemma,5,9379,0.2914047298690087,0.21282433366146886,0.2434250764525994,0.8460754332313966,0.8721712538226299,0.672986748216106,0.017737003058103974,1.0,0.3019519489477353,0.24955752212389382
medgemma_10pct,medgemma,10,19035,0.31437512523090744,0.23158499205007077,0.24974515800203873,0.8927624872579001,0.9115188583078492,0.6966360856269113,0.012640163098878695,1.0,0.3231258225759055,0.32035398230088497
medgemma_25pct,medgemma,25,47860,0.3237152820548663,0.2388549644234103,0.254026503567788,0.9066258919469928,0.926605504587156,0.6986748216106015,0.012232415902140673,1.0,0.3615030648526119,0.37168141592920356
medgemma_50pct,medgemma,50,95544,0.3382871653626055,0.25304843567693575,0.24872579001019368,0.9133537206931702,0.9314984709480122,0.7043832823649337,0.012640163098878695,1.0,0.4419298815967767,0.4690265486725664
medgemma_100pct,medgemma,100,190625,0.34961634417727466,0.26073369455269024,0.25198776758409785,0.9162079510703364,0.9351681957186544,0.7021406727828746,0.011620795107033639,1.0,0.5831332052200905,0.7115044247787611
