arm,fraction,domain,metric,mean,seed_sd,n_seeds
direct,1,general,answer_empty_or_label_only_rate,0.002,,1
direct,1,general,answer_exact_match,0.596,,1
direct,1,general,answer_rouge_l,0.7827931817435647,,1
direct,1,general,answer_token_f1,0.7832947491416838,,1
direct,1,medical,answer_empty_or_label_only_rate,0.006,,1
direct,1,medical,answer_exact_match,0.082,,1
direct,1,medical,answer_rouge_l,0.1730779469167079,,1
direct,1,medical,answer_token_f1,0.17631443778077965,,1
direct,1,ultrasound,answer_empty_or_label_only_rate,0.0008100445524503848,,1
direct,1,ultrasound,answer_exact_match,0.6539084649655731,,1
direct,1,ultrasound,answer_rouge_l,0.6643576505379645,,1
direct,1,ultrasound,answer_token_f1,0.664955999057179,,1
direct,1,ultrasound,invalid_box_rate,0.0,,1
direct,1,ultrasound,iou,0.38568164675470296,,1
direct,1,ultrasound,localization_at_0_5,0.36106194690265486,,1
direct,1,ultrasound,normalized_exact_match,0.0033624747814391394,,1
direct,1,ultrasound,rouge_l_f1,0.1914268516718687,,1
direct,1,ultrasound,token_f1,0.27433037976372077,,1
direct,1,ultrasound,valid_box_rate,1.0,,1
direct,10,general,answer_empty_or_label_only_rate,0.002,,1
direct,10,general,answer_exact_match,0.632,,1
direct,10,general,answer_rouge_l,0.799655786920338,,1
direct,10,general,answer_token_f1,0.8017960466605978,,1
direct,10,medical,answer_empty_or_label_only_rate,0.0,,1
direct,10,medical,answer_exact_match,0.064,,1
direct,10,medical,answer_rouge_l,0.17545601360461507,,1
direct,10,medical,answer_token_f1,0.17850568305281392,,1
direct,10,ultrasound,answer_empty_or_label_only_rate,0.0,,1
direct,10,ultrasound,answer_exact_match,0.8853786958282706,,1
direct,10,ultrasound,answer_rouge_l,0.8984305166957277,,1
direct,10,ultrasound,answer_token_f1,0.8993523111141684,,1
direct,10,ultrasound,invalid_box_rate,0.0,,1
direct,10,ultrasound,iou,0.6745478901720222,,1
direct,10,ultrasound,localization_at_0_5,0.8176991150442477,,1
direct,10,ultrasound,normalized_exact_match,0.02443398341179108,,1
direct,10,ultrasound,rouge_l_f1,0.23441983795459087,,1
direct,10,ultrasound,token_f1,0.32328491802783993,,1
direct,10,ultrasound,valid_box_rate,1.0,,1
direct,100,general,answer_empty_or_label_only_rate,0.002,,1
direct,100,general,answer_exact_match,0.608,,1
direct,100,general,answer_rouge_l,0.7993447005156792,,1
direct,100,general,answer_token_f1,0.8011379108141525,,1
direct,100,medical,answer_empty_or_label_only_rate,0.0,,1
direct,100,medical,answer_exact_match,0.048,,1
direct,100,medical,answer_rouge_l,0.17547009459991741,,1
direct,100,medical,answer_token_f1,0.18014684310476936,,1
direct,100,ultrasound,answer_empty_or_label_only_rate,0.0,,1
direct,100,ultrasound,answer_exact_match,0.9113001215066828,,1
direct,100,ultrasound,answer_rouge_l,0.9255046030989593,,1
direct,100,ultrasound,answer_token_f1,0.9261442481795071,,1
direct,100,ultrasound,invalid_box_rate,0.0,,1
direct,100,ultrasound,iou,0.7496177146166494,,1
direct,100,ultrasound,localization_at_0_5,0.8707964601769912,,1
direct,100,ultrasound,normalized_exact_match,0.02533064335350818,,1
direct,100,ultrasound,rouge_l_f1,0.25821027044672346,,1
direct,100,ultrasound,token_f1,0.35106183544516606,,1
direct,100,ultrasound,valid_box_rate,1.0,,1
general,1,general,answer_empty_or_label_only_rate,0.002,,1
general,1,general,answer_exact_match,0.654,,1
general,1,general,answer_rouge_l,0.8208901881606525,,1
general,1,general,answer_token_f1,0.8210568548273192,,1
general,1,medical,answer_empty_or_label_only_rate,0.004,,1
general,1,medical,answer_exact_match,0.078,,1
general,1,medical,answer_rouge_l,0.16593648970184138,,1
general,1,medical,answer_token_f1,0.16998380757679082,,1
general,1,ultrasound,answer_empty_or_label_only_rate,0.0004050222762251924,,1
general,1,ultrasound,answer_exact_match,0.6543134872417983,,1
general,1,ultrasound,answer_rouge_l,0.6643183452653887,,1
general,1,ultrasound,answer_token_f1,0.6649334493647565,,1
general,1,ultrasound,invalid_box_rate,0.0,,1
general,1,ultrasound,iou,0.38920507844622376,,1
general,1,ultrasound,localization_at_0_5,0.3752212389380531,,1
general,1,ultrasound,normalized_exact_match,0.0029141448105805875,,1
general,1,ultrasound,rouge_l_f1,0.19199960680584346,,1
general,1,ultrasound,token_f1,0.2756454907846383,,1
general,1,ultrasound,valid_box_rate,1.0,,1
general,10,general,answer_empty_or_label_only_rate,0.002,,1
general,10,general,answer_exact_match,0.674,,1
general,10,general,answer_rouge_l,0.8563875045319318,,1
general,10,general,answer_token_f1,0.8569589331033604,,1
general,10,medical,answer_empty_or_label_only_rate,0.002,,1
general,10,medical,answer_exact_match,0.064,,1
general,10,medical,answer_rouge_l,0.17804286851181453,,1
general,10,medical,answer_token_f1,0.18305532172595507,,1
general,10,ultrasound,answer_empty_or_label_only_rate,0.0,,1
general,10,ultrasound,answer_exact_match,0.8764682057513163,,1
general,10,ultrasound,answer_rouge_l,0.8896628952838778,,1
general,10,ultrasound,answer_token_f1,0.890551246463337,,1
general,10,ultrasound,invalid_box_rate,0.0,,1
general,10,ultrasound,iou,0.6583940130444853,,1
general,10,ultrasound,localization_at_0_5,0.8017699115044248,,1
general,10,ultrasound,normalized_exact_match,0.023537323470073975,,1
general,10,ultrasound,rouge_l_f1,0.23286829651321372,,1
general,10,ultrasound,token_f1,0.3211453018632109,,1
general,10,ultrasound,valid_box_rate,1.0,,1
general,100,general,answer_empty_or_label_only_rate,0.002,,1
general,100,general,answer_exact_match,0.622,,1
general,100,general,answer_rouge_l,0.82576197512199,,1
general,100,general,answer_token_f1,0.8271749621349769,,1
general,100,medical,answer_empty_or_label_only_rate,0.0,,1
general,100,medical,answer_exact_match,0.038,,1
general,100,medical,answer_rouge_l,0.15176643037459836,,1
general,100,medical,answer_token_f1,0.1557152092739036,,1
general,100,ultrasound,answer_empty_or_label_only_rate,0.0,,1
general,100,ultrasound,answer_exact_match,0.9119076549210207,,1
general,100,ultrasound,answer_rouge_l,0.9269239887107962,,1
general,100,ultrasound,answer_token_f1,0.9277036447609305,,1
general,100,ultrasound,invalid_box_rate,0.0,,1
general,100,ultrasound,iou,0.7436517325072795,,1
general,100,ultrasound,localization_at_0_5,0.8654867256637168,,1
general,100,ultrasound,normalized_exact_match,0.025554808338937456,,1
general,100,ultrasound,rouge_l_f1,0.2578482271402074,,1
general,100,ultrasound,token_f1,0.35042710658753184,,1
general,100,ultrasound,valid_box_rate,1.0,,1
medical,1,general,answer_empty_or_label_only_rate,0.002,,1
medical,1,general,answer_exact_match,0.596,,1
medical,1,general,answer_rouge_l,0.772669980641993,,1
medical,1,general,answer_token_f1,0.7730336170056293,,1
medical,1,medical,answer_empty_or_label_only_rate,0.002,,1
medical,1,medical,answer_exact_match,0.098,,1
medical,1,medical,answer_rouge_l,0.19586558241716956,,1
medical,1,medical,answer_token_f1,0.19829228803635793,,1
medical,1,ultrasound,answer_empty_or_label_only_rate,0.0006075334143377885,,1
medical,1,ultrasound,answer_exact_match,0.6516808424463345,,1
medical,1,ultrasound,answer_rouge_l,0.6622657809064593,,1
medical,1,ultrasound,answer_token_f1,0.6628401566942694,,1
medical,1,ultrasound,invalid_box_rate,0.0017699115044247787,,1
medical,1,ultrasound,iou,0.38180536010631316,,1
medical,1,ultrasound,localization_at_0_5,0.35575221238938054,,1
medical,1,ultrasound,normalized_exact_match,0.0029141448105805875,,1
medical,1,ultrasound,rouge_l_f1,0.19208258161284408,,1
medical,1,ultrasound,token_f1,0.2736231323202079,,1
medical,1,ultrasound,valid_box_rate,0.9982300884955753,,1
medical,10,general,answer_empty_or_label_only_rate,0.002,,1
medical,10,general,answer_exact_match,0.612,,1
medical,10,general,answer_rouge_l,0.7887962695199537,,1
medical,10,general,answer_token_f1,0.78955990588359,,1
medical,10,medical,answer_empty_or_label_only_rate,0.0,,1
medical,10,medical,answer_exact_match,0.084,,1
medical,10,medical,answer_rouge_l,0.2067391423625148,,1
medical,10,medical,answer_token_f1,0.20995314177306593,,1
medical,10,ultrasound,answer_empty_or_label_only_rate,0.0,,1
medical,10,ultrasound,answer_exact_match,0.8910490076954233,,1
medical,10,ultrasound,answer_rouge_l,0.9040145649328355,,1
medical,10,ultrasound,answer_token_f1,0.9047598731674384,,1
medical,10,ultrasound,invalid_box_rate,0.0,,1
medical,10,ultrasound,iou,0.6711698725574916,,1
medical,10,ultrasound,localization_at_0_5,0.815929203539823,,1
medical,10,ultrasound,normalized_exact_match,0.02443398341179108,,1
medical,10,ultrasound,rouge_l_f1,0.23431010357755158,,1
medical,10,ultrasound,token_f1,0.3231017152288978,,1
medical,10,ultrasound,valid_box_rate,1.0,,1
medical,100,general,answer_empty_or_label_only_rate,0.002,,1
medical,100,general,answer_exact_match,0.606,,1
medical,100,general,answer_rouge_l,0.7939765047302199,,1
medical,100,general,answer_token_f1,0.7954212556449398,,1
medical,100,medical,answer_empty_or_label_only_rate,0.0,,1
medical,100,medical,answer_exact_match,0.058,,1
medical,100,medical,answer_rouge_l,0.17331525776610993,,1
medical,100,medical,answer_token_f1,0.17968798521786966,,1
medical,100,ultrasound,answer_empty_or_label_only_rate,0.0,,1
medical,100,ultrasound,answer_exact_match,0.9133252328878089,,1
medical,100,ultrasound,answer_rouge_l,0.9274784234457512,,1
medical,100,ultrasound,answer_token_f1,0.9283427440213299,,1
medical,100,ultrasound,invalid_box_rate,0.0,,1
medical,100,ultrasound,iou,0.7448697482881427,,1
medical,100,ultrasound,localization_at_0_5,0.8743362831858407,,1
medical,100,ultrasound,normalized_exact_match,0.025554808338937456,,1
medical,100,ultrasound,rouge_l_f1,0.25763064402186237,,1
medical,100,ultrasound,token_f1,0.3505987338987564,,1
medical,100,ultrasound,valid_box_rate,1.0,,1
