name,family,scale_pct,kind,answer_exact_match,answer_token_f1,answer_rouge_l,answer_empty_or_label_only_rate,token_f1,rouge_l_f1,iou,localization_at_0_5
openqa_v2_qwen_1pct,qwen,1,corrected_adapter,0.6539084649655731,0.664955999057179,0.6643576505379645,0.0008100445524503848,0.27433037976372077,0.1914268516718687,0.38568164675470296,0.36106194690265486
openqa_v2_qwen_5pct,qwen,5,corrected_adapter,0.8428513568246253,0.8563329121399704,0.8556484237399544,0.0,0.3119257689469894,0.2252535455684246,0.5989308746106657,0.6867256637168142
openqa_v2_qwen_10pct,qwen,10,corrected_adapter,0.8853786958282706,0.8993523111141684,0.8984305166957277,0.0,0.32328491802783993,0.23441983795459087,0.6745478901720222,0.8176991150442477
openqa_v2_qwen_25pct,qwen,25,corrected_adapter,0.9058323207776428,0.9206429671223364,0.9197359222196945,0.0,0.3330107113816272,0.2425367810694663,0.7006872753904839,0.8336283185840708
openqa_v2_qwen_50pct,qwen,50,corrected_adapter,0.9115026326447955,0.9257206368649858,0.924792736916975,0.0,0.3419662951434889,0.2518829913316359,0.7373525076101645,0.8707964601769912
openqa_v2_qwen_100pct,qwen,100,corrected_adapter,0.9113001215066828,0.9261442481795071,0.9255046030989593,0.0,0.35106183544516606,0.25821027044672346,0.7496177146166494,0.8707964601769912
openqa_v2_qwen_original,qwen,0,original,0.04556500607533415,0.09477208718613556,0.09433571386003402,0.001012555690562981,0.19797080071864748,0.12202381985421945,0.14441420898325905,0.168141592920354
openqa_v2_qwen_legacy100,qwen,100,legacy100,0.8683677602268125,0.8829123376148456,0.8822811910158134,0.0036452004860267314,0.3482850854677423,0.25593743367269517,0.7449344120456588,0.8690265486725663
openqa_v2_medgemma_1pct,medgemma,1,corrected_adapter,0.6826650465775618,0.6922689040984278,0.6916705138822761,0.0004050222762251924,0.2532803527404979,0.17583348403341956,0.18711025237528475,0.13274336283185842
openqa_v2_medgemma_5pct,medgemma,5,corrected_adapter,0.8464965573106521,0.8579350245604233,0.8572113964600355,0.0006075334143377885,0.305953093061174,0.22125800905935153,0.3256645100023263,0.2743362831858407
openqa_v2_medgemma_10pct,medgemma,10,corrected_adapter,0.8898339408667477,0.9024421959926991,0.9016227149743793,0.0002025111381125962,0.31473966493831607,0.22838666140585093,0.34234712862989336,0.336283185840708
openqa_v2_medgemma_25pct,medgemma,25,corrected_adapter,0.9068448764682058,0.9207062307160809,0.9200502461781481,0.0,0.3254822489464465,0.23621364200903847,0.38778891321890835,0.40707964601769914
openqa_v2_medgemma_50pct,medgemma,50,corrected_adapter,0.9129202106115837,0.9269111662913363,0.9262775485305138,0.0,0.33157262662320197,0.24166990857638435,0.4150087523744801,0.4584070796460177
openqa_v2_medgemma_100pct,medgemma,100,corrected_adapter,0.9129202106115837,0.9272939090095669,0.9265747569091453,0.0,0.34297654816585976,0.2518682477364358,0.5716060161035539,0.6867256637168142
openqa_v2_medgemma_original,medgemma,0,original,0.05002025111381126,0.08077927977528858,0.0802706633393501,0.0006075334143377885,0.1927981759039623,0.12649985092911237,0.08153813563060626,0.047787610619469026
openqa_v2_medgemma_legacy100,medgemma,100,legacy100,0.9113001215066828,0.9236783589505552,0.92314204219791,0.0004050222762251924,0.3439721843910615,0.2527160300038666,0.582830799411089,0.7168141592920354
